Datetime,Water Level (m)
2025-08-25 12:00:00,0.49481496
2025-08-25 13:00:00,0.24201891
2025-08-25 14:00:00,0.04792901
2025-08-25 15:00:00,-0.11466883
2025-08-25 16:00:00,-0.19339958
2025-08-25 17:00:00,0.14543541
2025-08-25 18:00:00,0.5975255
2025-08-25 19:00:00,0.99807423
2025-08-25 20:00:00,1.2786897
2025-08-25 21:00:00,1.3711208
2025-08-25 22:00:00,1.1845757
2025-08-25 23:00:00,0.8252432
2025-08-26 00:00:00,0.52457994
2025-08-26 01:00:00,0.27787662
2025-08-26 02:00:00,0.08574862
2025-08-26 03:00:00,-0.07274526
2025-08-26 04:00:00,-0.1542714
2025-08-26 05:00:00,0.16191486
2025-08-26 06:00:00,0.6369571
2025-08-26 07:00:00,1.0492089
2025-08-26 08:00:00,1.358932
2025-08-26 09:00:00,1.4961665
2025-08-26 10:00:00,1.3801901
2025-08-26 11:00:00,1.0274371
2025-08-26 12:00:00,0.7086497
2025-08-26 13:00:00,0.44598824
2025-08-26 14:00:00,0.23062883
2025-08-26 15:00:00,0.056177877
2025-08-26 16:00:00,-0.075059325
2025-08-26 17:00:00,0.017521158
2025-08-26 18:00:00,0.54827315
2025-08-26 19:00:00,0.96855944
2025-08-26 20:00:00,1.305603
2025-08-26 21:00:00,1.4847152
2025-08-26 22:00:00,1.423864
2025-08-26 23:00:00,1.1044315
2025-08-27 00:00:00,0.78182065
2025-08-27 01:00:00,0.5167054
2025-08-27 02:00:00,0.3041932
2025-08-27 03:00:00,0.13549128
2025-08-27 04:00:00,0.0122119365
2025-08-27 05:00:00,0.07952992
2025-08-27 06:00:00,0.5909745
2025-08-27 07:00:00,1.0204973
2025-08-27 08:00:00,1.364484
2025-08-27 09:00:00,1.5565182
2025-08-27 10:00:00,1.516697
2025-08-27 11:00:00,1.2166119
2025-08-27 12:00:00,0.89647985
2025-08-27 13:00:00,0.6250457
2025-08-27 14:00:00,0.40921643
2025-08-27 15:00:00,0.23231827
2025-08-27 16:00:00,0.100335896
2025-08-27 17:00:00,0.09843751
2025-08-27 18:00:00,0.55442005
2025-08-27 19:00:00,0.98221546
2025-08-27 20:00:00,1.338957
2025-08-27 21:00:00,1.5740714
2025-08-27 22:00:00,1.6075814
2025-08-27 23:00:00,1.3741615
2025-08-28 00:00:00,1.0367334
2025-08-28 01:00:00,0.7491358
2025-08-28 02:00:00,0.52122027
2025-08-28 03:00:00,0.33331576
2025-08-28 04:00:00,0.18841429
2025-08-28 05:00:00,0.13809198
2025-08-28 06:00:00,0.4587694
2025-08-28 07:00:00,0.8820957
2025-08-28 08:00:00,1.2304361
2025-08-28 09:00:00,1.46261
2025-08-28 10:00:00,1.5132176
2025-08-28 11:00:00,1.3150789
2025-08-28 12:00:00,0.9926453
2025-08-28 13:00:00,0.7129225
2025-08-28 14:00:00,0.48968711
2025-08-28 15:00:00,0.30723348
2025-08-28 16:00:00,0.16320854
2025-08-28 17:00:00,0.079196535
2025-08-28 18:00:00,0.26415747
2025-08-28 19:00:00,0.70801127
2025-08-28 20:00:00,1.0707598
2025-08-28 21:00:00,1.3387408
2025-08-28 22:00:00,1.4599278
2025-08-28 23:00:00,1.3701979
2025-08-29 00:00:00,1.0795777
2025-08-29 01:00:00,0.7971235
2025-08-29 02:00:00,0.5680818
2025-08-29 03:00:00,0.38544178
2025-08-29 04:00:00,0.24224317
2025-08-29 05:00:00,0.15305167
2025-08-29 06:00:00,0.24922523
2025-08-29 07:00:00,0.66995114
2025-08-29 08:00:00,1.0370938
2025-08-29 09:00:00,1.31123
2025-08-29 10:00:00,1.4376827
2025-08-29 11:00:00,1.3547579
2025-08-29 12:00:00,1.0787526
2025-08-29 13:00:00,0.8041814
2025-08-29 14:00:00,0.5732114
2025-08-29 15:00:00,0.38680795
2025-08-29 16:00:00,0.23533967
2025-08-29 17:00:00,0.13055229
2025-08-29 18:00:00,0.13639978
2025-08-29 19:00:00,0.4745587
2025-08-29 20:00:00,0.8473028
2025-08-29 21:00:00,1.143286
2025-08-29 22:00:00,1.3323499
2025-08-29 23:00:00,1.3620744
2025-08-30 00:00:00,1.1844586
2025-08-30 01:00:00,0.9125407
2025-08-30 02:00:00,0.67447513
2025-08-30 03:00:00,0.4890464
2025-08-30 04:00:00,0.34824392
2025-08-30 05:00:00,0.25534165
2025-08-30 06:00:00,0.26083422
2025-08-30 07:00:00,0.5074
2025-08-30 08:00:00,0.83366495
2025-08-30 09:00:00,1.0821005
2025-08-30 10:00:00,1.2336546
2025-08-30 11:00:00,1.2332023
2025-08-30 12:00:00,1.0469611
2025-08-30 13:00:00,0.79217476
2025-08-30 14:00:00,0.56882566
2025-08-30 15:00:00,0.38153285
2025-08-30 16:00:00,0.23254968
2025-08-30 17:00:00,0.120477594
2025-08-30 18:00:00,0.0754449
2025-08-30 19:00:00,0.22968407
2025-08-30 20:00:00,0.5597575
2025-08-30 21:00:00,0.83745515
2025-08-30 22:00:00,1.0366215
2025-08-30 23:00:00,1.1334224
2025-08-31 00:00:00,1.1043168
2025-08-31 01:00:00,0.92764735
2025-08-31 02:00:00,0.70749915
2025-08-31 03:00:00,0.51642704
2025-08-31 04:00:00,0.3736901
2025-08-31 05:00:00,0.2770576
2025-08-31 06:00:00,0.23336174
2025-08-31 07:00:00,0.29987222
2025-08-31 08:00:00,0.5345691
2025-08-31 09:00:00,0.76951116
2025-08-31 10:00:00,0.93242604
2025-08-31 11:00:00,0.995691
2025-08-31 12:00:00,0.9272905
